<?xml version="1.0" encoding="UTF-8"?>
<sbml xmlns="http://www.sbml.org/sbml/level3/version1/core" xmlns:fbc="http://www.sbml.org/sbml/level3/version1/fbc/version2" sboTerm="SBO:0000624" level="3" version="1" fbc:required="false">
  <model metaid="meta_hsa00500_model" id="hsa00500_model" fbc:strict="true">
    <listOfUnitDefinitions>
      <unitDefinition id="mmol_per_gDW_per_hr">
        <listOfUnits>
          <unit kind="mole" exponent="1" scale="-3" multiplier="1"/>
          <unit kind="gram" exponent="-1" scale="0" multiplier="1"/>
          <unit kind="second" exponent="-1" scale="0" multiplier="3600"/>
        </listOfUnits>
      </unitDefinition>
    </listOfUnitDefinitions>
    <listOfCompartments>
      <compartment id="default" constant="true"/>
    </listOfCompartments>
    <listOfSpecies>
      <species id="M_cpd__58__C01898" compartment="default" hasOnlySubstanceUnits="false" boundaryCondition="false" constant="false"/>
      <species id="M_cpd__58__C00031" compartment="default" hasOnlySubstanceUnits="false" boundaryCondition="false" constant="false"/>
      <species id="M_cpd__58__C00185" compartment="default" hasOnlySubstanceUnits="false" boundaryCondition="false" constant="false"/>
      <species id="M_cpd__58__C00095" compartment="default" hasOnlySubstanceUnits="false" boundaryCondition="false" constant="false"/>
      <species id="M_cpd__58__C00085" compartment="default" hasOnlySubstanceUnits="false" boundaryCondition="false" constant="false"/>
      <species id="M_cpd__58__C00089" compartment="default" hasOnlySubstanceUnits="false" boundaryCondition="false" constant="false"/>
      <species id="M_cpd__58__C00963" compartment="default" hasOnlySubstanceUnits="false" boundaryCondition="false" constant="false"/>
      <species id="M_cpd__58__C00029" compartment="default" hasOnlySubstanceUnits="false" boundaryCondition="false" constant="false"/>
      <species id="M_cpd__58__C00103" compartment="default" hasOnlySubstanceUnits="false" boundaryCondition="false" constant="false"/>
      <species id="M_cpd__58__C01231" compartment="default" hasOnlySubstanceUnits="false" boundaryCondition="false" constant="false"/>
      <species id="M_cpd__58__C00718" compartment="default" hasOnlySubstanceUnits="false" boundaryCondition="false" constant="false"/>
      <species id="M_cpd__58__C00092" compartment="default" hasOnlySubstanceUnits="false" boundaryCondition="false" constant="false"/>
      <species id="M_cpd__58__C00369" compartment="default" hasOnlySubstanceUnits="false" boundaryCondition="false" constant="false"/>
      <species id="M_cpd__58__C01083" compartment="default" hasOnlySubstanceUnits="false" boundaryCondition="false" constant="false"/>
      <species id="M_cpd__58__C01935" compartment="default" hasOnlySubstanceUnits="false" boundaryCondition="false" constant="false"/>
      <species id="M_cpd__58__C00208" compartment="default" hasOnlySubstanceUnits="false" boundaryCondition="false" constant="false"/>
      <species id="M_cpd__58__C00721" compartment="default" hasOnlySubstanceUnits="false" boundaryCondition="false" constant="false"/>
      <species id="M_cpd__58__C00252" compartment="default" hasOnlySubstanceUnits="false" boundaryCondition="false" constant="false"/>
    </listOfSpecies>
    <listOfParameters>
      <parameter sboTerm="SBO:0000626" id="cobra_default_lb" value="-1000" constant="true"/>
      <parameter sboTerm="SBO:0000626" id="cobra_default_ub" value="1000" constant="true"/>
      <parameter sboTerm="SBO:0000626" id="cobra_0_bound" value="0" constant="true"/>
      <parameter sboTerm="SBO:0000625" id="minus_inf" value="-INF" constant="true"/>
      <parameter sboTerm="SBO:0000625" id="plus_inf" value="INF" constant="true"/>
    </listOfParameters>
    <listOfReactions>
      <reaction id="R_R02887" name="rn:R02887" reversible="false" fast="false" fbc:lowerFluxBound="cobra_0_bound" fbc:upperFluxBound="cobra_default_ub">
        <listOfReactants>
          <speciesReference species="M_cpd__58__C01898" stoichiometry="1" constant="true"/>
        </listOfReactants>
        <listOfProducts>
          <speciesReference species="M_cpd__58__C00031" stoichiometry="1" constant="true"/>
          <speciesReference species="M_cpd__58__C00185" stoichiometry="1" constant="true"/>
        </listOfProducts>
      </reaction>
      <reaction id="R_R00306" name="rn:R00306" reversible="false" fast="false" fbc:lowerFluxBound="cobra_0_bound" fbc:upperFluxBound="cobra_default_ub">
        <listOfReactants>
          <speciesReference species="M_cpd__58__C00185" stoichiometry="1" constant="true"/>
        </listOfReactants>
        <listOfProducts>
          <speciesReference species="M_cpd__58__C00031" stoichiometry="1" constant="true"/>
        </listOfProducts>
      </reaction>
      <reaction id="R_R00760" name="rn:R00760" reversible="false" fast="false" fbc:lowerFluxBound="cobra_0_bound" fbc:upperFluxBound="cobra_default_ub">
        <listOfReactants>
          <speciesReference species="M_cpd__58__C00095" stoichiometry="1" constant="true"/>
        </listOfReactants>
        <listOfProducts>
          <speciesReference species="M_cpd__58__C00085" stoichiometry="1" constant="true"/>
        </listOfProducts>
      </reaction>
      <reaction id="R_R00801" name="rn:R00801" reversible="false" fast="false" fbc:lowerFluxBound="cobra_0_bound" fbc:upperFluxBound="cobra_default_ub">
        <listOfReactants>
          <speciesReference species="M_cpd__58__C00089" stoichiometry="1" constant="true"/>
        </listOfReactants>
        <listOfProducts>
          <speciesReference species="M_cpd__58__C00031" stoichiometry="1" constant="true"/>
          <speciesReference species="M_cpd__58__C00095" stoichiometry="1" constant="true"/>
        </listOfProducts>
      </reaction>
      <reaction id="R_R03527" name="rn:R03527" reversible="false" fast="false" fbc:lowerFluxBound="cobra_0_bound" fbc:upperFluxBound="cobra_default_ub">
        <listOfReactants>
          <speciesReference species="M_cpd__58__C00963" stoichiometry="1" constant="true"/>
        </listOfReactants>
        <listOfProducts>
          <speciesReference species="M_cpd__58__C00031" stoichiometry="1" constant="true"/>
        </listOfProducts>
      </reaction>
      <reaction id="R_R00287" name="rn:R00287" reversible="false" fast="false" fbc:lowerFluxBound="cobra_0_bound" fbc:upperFluxBound="cobra_default_ub">
        <listOfReactants>
          <speciesReference species="M_cpd__58__C00029" stoichiometry="1" constant="true"/>
        </listOfReactants>
        <listOfProducts>
          <speciesReference species="M_cpd__58__C00103" stoichiometry="1" constant="true"/>
        </listOfProducts>
      </reaction>
      <reaction id="R_R01660" name="rn:R01660" reversible="false" fast="false" fbc:lowerFluxBound="cobra_0_bound" fbc:upperFluxBound="cobra_default_ub">
        <listOfReactants>
          <speciesReference species="M_cpd__58__C00103" stoichiometry="1" constant="true"/>
        </listOfReactants>
        <listOfProducts>
          <speciesReference species="M_cpd__58__C01231" stoichiometry="1" constant="true"/>
        </listOfProducts>
      </reaction>
      <reaction id="R_R00289" name="rn:R00289" reversible="false" fast="false" fbc:lowerFluxBound="cobra_0_bound" fbc:upperFluxBound="cobra_default_ub">
        <listOfReactants>
          <speciesReference species="M_cpd__58__C00103" stoichiometry="1" constant="true"/>
        </listOfReactants>
        <listOfProducts>
          <speciesReference species="M_cpd__58__C00029" stoichiometry="1" constant="true"/>
        </listOfProducts>
      </reaction>
      <reaction id="R_R00292" name="rn:R00292" reversible="false" fast="false" fbc:lowerFluxBound="cobra_0_bound" fbc:upperFluxBound="cobra_default_ub">
        <listOfReactants>
          <speciesReference species="M_cpd__58__C00029" stoichiometry="1" constant="true"/>
        </listOfReactants>
        <listOfProducts>
          <speciesReference species="M_cpd__58__C00718" stoichiometry="1" constant="true"/>
        </listOfProducts>
      </reaction>
      <reaction id="R_R08639" name="rn:R08639" reversible="true" fast="false" fbc:lowerFluxBound="cobra_default_lb" fbc:upperFluxBound="cobra_default_ub">
        <listOfReactants>
          <speciesReference species="M_cpd__58__C00103" stoichiometry="1" constant="true"/>
        </listOfReactants>
        <listOfProducts>
          <speciesReference species="M_cpd__58__C00092" stoichiometry="1" constant="true"/>
        </listOfProducts>
      </reaction>
      <reaction id="R_R00303" name="rn:R00303" reversible="false" fast="false" fbc:lowerFluxBound="cobra_0_bound" fbc:upperFluxBound="cobra_default_ub">
        <listOfReactants>
          <speciesReference species="M_cpd__58__C00092" stoichiometry="1" constant="true"/>
        </listOfReactants>
        <listOfProducts>
          <speciesReference species="M_cpd__58__C00031" stoichiometry="1" constant="true"/>
        </listOfProducts>
      </reaction>
      <reaction id="R_R00299" name="rn:R00299" reversible="false" fast="false" fbc:lowerFluxBound="cobra_0_bound" fbc:upperFluxBound="cobra_default_ub">
        <listOfReactants>
          <speciesReference species="M_cpd__58__C00031" stoichiometry="1" constant="true"/>
        </listOfReactants>
        <listOfProducts>
          <speciesReference species="M_cpd__58__C00092" stoichiometry="1" constant="true"/>
        </listOfProducts>
      </reaction>
      <reaction id="R_R00771" name="rn:R00771" reversible="true" fast="false" fbc:lowerFluxBound="cobra_default_lb" fbc:upperFluxBound="cobra_default_ub">
        <listOfReactants>
          <speciesReference species="M_cpd__58__C00092" stoichiometry="1" constant="true"/>
        </listOfReactants>
        <listOfProducts>
          <speciesReference species="M_cpd__58__C00085" stoichiometry="1" constant="true"/>
        </listOfProducts>
      </reaction>
      <reaction id="R_R02110" name="rn:R02110" reversible="false" fast="false" fbc:lowerFluxBound="cobra_0_bound" fbc:upperFluxBound="cobra_default_ub">
        <listOfReactants>
          <speciesReference species="M_cpd__58__C00718" stoichiometry="1" constant="true"/>
        </listOfReactants>
        <listOfProducts>
          <speciesReference species="M_cpd__58__C00369" stoichiometry="1" constant="true"/>
        </listOfProducts>
      </reaction>
      <reaction id="R_R00010" name="rn:R00010" reversible="false" fast="false" fbc:lowerFluxBound="cobra_0_bound" fbc:upperFluxBound="cobra_default_ub">
        <listOfReactants>
          <speciesReference species="M_cpd__58__C01083" stoichiometry="1" constant="true"/>
        </listOfReactants>
        <listOfProducts>
          <speciesReference species="M_cpd__58__C00031" stoichiometry="1" constant="true"/>
        </listOfProducts>
      </reaction>
      <reaction id="R_R11262" name="rn:R11262" reversible="false" fast="false" fbc:lowerFluxBound="cobra_0_bound" fbc:upperFluxBound="cobra_default_ub">
        <listOfReactants>
          <speciesReference species="M_cpd__58__C01935" stoichiometry="1" constant="true"/>
        </listOfReactants>
        <listOfProducts>
          <speciesReference species="M_cpd__58__C00208" stoichiometry="1" constant="true"/>
        </listOfProducts>
      </reaction>
      <reaction id="R_R01790" name="rn:R01790" reversible="false" fast="false" fbc:lowerFluxBound="cobra_0_bound" fbc:upperFluxBound="cobra_default_ub">
        <listOfReactants>
          <speciesReference species="M_cpd__58__C00369" stoichiometry="1" constant="true"/>
        </listOfReactants>
        <listOfProducts>
          <speciesReference species="M_cpd__58__C00031" stoichiometry="1" constant="true"/>
        </listOfProducts>
      </reaction>
      <reaction id="R_R00028" name="rn:R00028" reversible="false" fast="false" fbc:lowerFluxBound="cobra_0_bound" fbc:upperFluxBound="cobra_default_ub">
        <listOfReactants>
          <speciesReference species="M_cpd__58__C00208" stoichiometry="1" constant="true"/>
        </listOfReactants>
        <listOfProducts>
          <speciesReference species="M_cpd__58__C00031" stoichiometry="1" constant="true"/>
        </listOfProducts>
      </reaction>
      <reaction id="R_R02111" name="rn:R02111" reversible="false" fast="false" fbc:lowerFluxBound="cobra_0_bound" fbc:upperFluxBound="cobra_default_ub">
        <listOfReactants>
          <speciesReference species="M_cpd__58__C00369" stoichiometry="1" constant="true"/>
        </listOfReactants>
        <listOfProducts>
          <speciesReference species="M_cpd__58__C00103" stoichiometry="1" constant="true"/>
        </listOfProducts>
      </reaction>
      <reaction id="R_R01791" name="rn:R01791" reversible="false" fast="false" fbc:lowerFluxBound="cobra_0_bound" fbc:upperFluxBound="cobra_default_ub">
        <listOfReactants>
          <speciesReference species="M_cpd__58__C00721" stoichiometry="1" constant="true"/>
        </listOfReactants>
        <listOfProducts>
          <speciesReference species="M_cpd__58__C00031" stoichiometry="1" constant="true"/>
        </listOfProducts>
      </reaction>
      <reaction id="R_R01718" name="rn:R01718" reversible="false" fast="false" fbc:lowerFluxBound="cobra_0_bound" fbc:upperFluxBound="cobra_default_ub">
        <listOfReactants>
          <speciesReference species="M_cpd__58__C00252" stoichiometry="1" constant="true"/>
        </listOfReactants>
        <listOfProducts>
          <speciesReference species="M_cpd__58__C00031" stoichiometry="1" constant="true"/>
        </listOfProducts>
      </reaction>
      <reaction id="R_R02112" name="rn:R02112" reversible="false" fast="false" fbc:lowerFluxBound="cobra_0_bound" fbc:upperFluxBound="cobra_default_ub">
        <listOfReactants>
          <speciesReference species="M_cpd__58__C00369" stoichiometry="1" constant="true"/>
        </listOfReactants>
        <listOfProducts>
          <speciesReference species="M_cpd__58__C00721" stoichiometry="1" constant="true"/>
          <speciesReference species="M_cpd__58__C00208" stoichiometry="1" constant="true"/>
        </listOfProducts>
      </reaction>
      <reaction id="R_R_EX_1" name="cpd:C01083" reversible="true" fast="false" fbc:lowerFluxBound="cobra_default_lb" fbc:upperFluxBound="cobra_default_ub">
        <listOfReactants>
          <speciesReference species="M_cpd__58__C01083" stoichiometry="1" constant="true"/>
        </listOfReactants>
      </reaction>
      <reaction id="R_R_EX_2" name="cpd:C00089" reversible="true" fast="false" fbc:lowerFluxBound="cobra_default_lb" fbc:upperFluxBound="cobra_default_ub">
        <listOfReactants>
          <speciesReference species="M_cpd__58__C00089" stoichiometry="1" constant="true"/>
        </listOfReactants>
      </reaction>
      <reaction id="R_R_EX_3" name="cpd:C01898" reversible="true" fast="false" fbc:lowerFluxBound="cobra_default_lb" fbc:upperFluxBound="cobra_default_ub">
        <listOfReactants>
          <speciesReference species="M_cpd__58__C01898" stoichiometry="1" constant="true"/>
        </listOfReactants>
      </reaction>
      <reaction id="R_R_EX_4" name="cpd:C01935" reversible="true" fast="false" fbc:lowerFluxBound="cobra_default_lb" fbc:upperFluxBound="cobra_default_ub">
        <listOfReactants>
          <speciesReference species="M_cpd__58__C01935" stoichiometry="1" constant="true"/>
        </listOfReactants>
      </reaction>
      <reaction id="R_R_EX_5" name="cpd:C00252" reversible="true" fast="false" fbc:lowerFluxBound="cobra_default_lb" fbc:upperFluxBound="cobra_default_ub">
        <listOfReactants>
          <speciesReference species="M_cpd__58__C00252" stoichiometry="1" constant="true"/>
        </listOfReactants>
      </reaction>
      <reaction id="R_R_EX_6" name="cpd:C00963" reversible="true" fast="false" fbc:lowerFluxBound="cobra_default_lb" fbc:upperFluxBound="cobra_default_ub">
        <listOfReactants>
          <speciesReference species="M_cpd__58__C00963" stoichiometry="1" constant="true"/>
        </listOfReactants>
      </reaction>
      <reaction id="R_R_EX_7" name="cpd:C00085" reversible="true" fast="false" fbc:lowerFluxBound="cobra_default_lb" fbc:upperFluxBound="cobra_default_ub">
        <listOfReactants>
          <speciesReference species="M_cpd__58__C00085" stoichiometry="1" constant="true"/>
        </listOfReactants>
      </reaction>
      <reaction id="R_R_EX_8" name="cpd:C01231" reversible="true" fast="false" fbc:lowerFluxBound="cobra_default_lb" fbc:upperFluxBound="cobra_default_ub">
        <listOfReactants>
          <speciesReference species="M_cpd__58__C01231" stoichiometry="1" constant="true"/>
        </listOfReactants>
      </reaction>
    </listOfReactions>
    <fbc:listOfObjectives fbc:activeObjective="obj">
      <fbc:objective fbc:id="obj" fbc:type="maximize"/>
    </fbc:listOfObjectives>
  </model>
</sbml>
