<?xml version="1.0" encoding="UTF-8"?>
<sbml xmlns="http://www.sbml.org/sbml/level3/version1/core" xmlns:fbc="http://www.sbml.org/sbml/level3/version1/fbc/version2" sboTerm="SBO:0000624" level="3" version="1" fbc:required="false">
  <model metaid="meta_hsa00900_model" id="hsa00900_model" fbc:strict="true">
    <listOfUnitDefinitions>
      <unitDefinition id="mmol_per_gDW_per_hr">
        <listOfUnits>
          <unit kind="mole" exponent="1" scale="-3" multiplier="1"/>
          <unit kind="gram" exponent="-1" scale="0" multiplier="1"/>
          <unit kind="second" exponent="-1" scale="0" multiplier="3600"/>
        </listOfUnits>
      </unitDefinition>
    </listOfUnitDefinitions>
    <listOfCompartments>
      <compartment id="default" constant="true"/>
    </listOfCompartments>
    <listOfSpecies>
      <species id="M_cpd__58__C00418" compartment="default" hasOnlySubstanceUnits="false" boundaryCondition="false" constant="false"/>
      <species id="M_cpd__58__C01107" compartment="default" hasOnlySubstanceUnits="false" boundaryCondition="false" constant="false"/>
      <species id="M_cpd__58__C00024" compartment="default" hasOnlySubstanceUnits="false" boundaryCondition="false" constant="false"/>
      <species id="M_cpd__58__C00332" compartment="default" hasOnlySubstanceUnits="false" boundaryCondition="false" constant="false"/>
      <species id="M_cpd__58__C00356" compartment="default" hasOnlySubstanceUnits="false" boundaryCondition="false" constant="false"/>
      <species id="M_cpd__58__C00129" compartment="default" hasOnlySubstanceUnits="false" boundaryCondition="false" constant="false"/>
      <species id="M_cpd__58__C00235" compartment="default" hasOnlySubstanceUnits="false" boundaryCondition="false" constant="false"/>
      <species id="M_cpd__58__C01143" compartment="default" hasOnlySubstanceUnits="false" boundaryCondition="false" constant="false"/>
      <species id="M_cpd__58__C00341" compartment="default" hasOnlySubstanceUnits="false" boundaryCondition="false" constant="false"/>
      <species id="M_cpd__58__C00448" compartment="default" hasOnlySubstanceUnits="false" boundaryCondition="false" constant="false"/>
      <species id="M_cpd__58__C00353" compartment="default" hasOnlySubstanceUnits="false" boundaryCondition="false" constant="false"/>
      <species id="M_cpd__58__C05859" compartment="default" hasOnlySubstanceUnits="false" boundaryCondition="false" constant="false"/>
      <species id="M_cpd__58__C17432" compartment="default" hasOnlySubstanceUnits="false" boundaryCondition="false" constant="false"/>
      <species id="M_cpd__58__C20120" compartment="default" hasOnlySubstanceUnits="false" boundaryCondition="false" constant="false"/>
      <species id="M_cpd__58__C04506" compartment="default" hasOnlySubstanceUnits="false" boundaryCondition="false" constant="false"/>
      <species id="M_cpd__58__C04748" compartment="default" hasOnlySubstanceUnits="false" boundaryCondition="false" constant="false"/>
      <species id="M_cpd__58__C19691" compartment="default" hasOnlySubstanceUnits="false" boundaryCondition="false" constant="false"/>
      <species id="M_cpd__58__C03461" compartment="default" hasOnlySubstanceUnits="false" boundaryCondition="false" constant="false"/>
    </listOfSpecies>
    <listOfParameters>
      <parameter sboTerm="SBO:0000626" id="cobra_default_lb" value="-1000" constant="true"/>
      <parameter sboTerm="SBO:0000626" id="cobra_default_ub" value="1000" constant="true"/>
      <parameter sboTerm="SBO:0000626" id="cobra_0_bound" value="0" constant="true"/>
      <parameter sboTerm="SBO:0000625" id="minus_inf" value="-INF" constant="true"/>
      <parameter sboTerm="SBO:0000625" id="plus_inf" value="INF" constant="true"/>
    </listOfParameters>
    <listOfReactions>
      <reaction id="R_R02245" name="rn:R02245" reversible="false" fast="false" fbc:lowerFluxBound="cobra_0_bound" fbc:upperFluxBound="cobra_default_ub">
        <listOfReactants>
          <speciesReference species="M_cpd__58__C00418" stoichiometry="1" constant="true"/>
        </listOfReactants>
        <listOfProducts>
          <speciesReference species="M_cpd__58__C01107" stoichiometry="1" constant="true"/>
        </listOfProducts>
      </reaction>
      <reaction id="R_R00238" name="rn:R00238" reversible="true" fast="false" fbc:lowerFluxBound="cobra_default_lb" fbc:upperFluxBound="cobra_default_ub">
        <listOfReactants>
          <speciesReference species="M_cpd__58__C00024" stoichiometry="1" constant="true"/>
        </listOfReactants>
        <listOfProducts>
          <speciesReference species="M_cpd__58__C00332" stoichiometry="1" constant="true"/>
        </listOfProducts>
      </reaction>
      <reaction id="R_R01978" name="rn:R01978" reversible="false" fast="false" fbc:lowerFluxBound="cobra_0_bound" fbc:upperFluxBound="cobra_default_ub">
        <listOfReactants>
          <speciesReference species="M_cpd__58__C00332" stoichiometry="1" constant="true"/>
          <speciesReference species="M_cpd__58__C00024" stoichiometry="1" constant="true"/>
        </listOfReactants>
        <listOfProducts>
          <speciesReference species="M_cpd__58__C00356" stoichiometry="1" constant="true"/>
        </listOfProducts>
      </reaction>
      <reaction id="R_R02082" name="rn:R02082" reversible="false" fast="false" fbc:lowerFluxBound="cobra_0_bound" fbc:upperFluxBound="cobra_default_ub">
        <listOfReactants>
          <speciesReference species="M_cpd__58__C00356" stoichiometry="1" constant="true"/>
        </listOfReactants>
        <listOfProducts>
          <speciesReference species="M_cpd__58__C00418" stoichiometry="1" constant="true"/>
        </listOfProducts>
      </reaction>
      <reaction id="R_R01123" name="rn:R01123" reversible="true" fast="false" fbc:lowerFluxBound="cobra_default_lb" fbc:upperFluxBound="cobra_default_ub">
        <listOfReactants>
          <speciesReference species="M_cpd__58__C00129" stoichiometry="1" constant="true"/>
        </listOfReactants>
        <listOfProducts>
          <speciesReference species="M_cpd__58__C00235" stoichiometry="1" constant="true"/>
        </listOfProducts>
      </reaction>
      <reaction id="R_R01121" name="rn:R01121" reversible="false" fast="false" fbc:lowerFluxBound="cobra_0_bound" fbc:upperFluxBound="cobra_default_ub">
        <listOfReactants>
          <speciesReference species="M_cpd__58__C01143" stoichiometry="1" constant="true"/>
        </listOfReactants>
        <listOfProducts>
          <speciesReference species="M_cpd__58__C00129" stoichiometry="1" constant="true"/>
        </listOfProducts>
      </reaction>
      <reaction id="R_R03245" name="rn:R03245" reversible="false" fast="false" fbc:lowerFluxBound="cobra_0_bound" fbc:upperFluxBound="cobra_default_ub">
        <listOfReactants>
          <speciesReference species="M_cpd__58__C01107" stoichiometry="1" constant="true"/>
        </listOfReactants>
        <listOfProducts>
          <speciesReference species="M_cpd__58__C01143" stoichiometry="1" constant="true"/>
        </listOfProducts>
      </reaction>
      <reaction id="R_R01658" name="rn:R01658" reversible="false" fast="false" fbc:lowerFluxBound="cobra_0_bound" fbc:upperFluxBound="cobra_default_ub">
        <listOfReactants>
          <speciesReference species="M_cpd__58__C00129" stoichiometry="1" constant="true"/>
          <speciesReference species="M_cpd__58__C00235" stoichiometry="1" constant="true"/>
        </listOfReactants>
        <listOfProducts>
          <speciesReference species="M_cpd__58__C00341" stoichiometry="1" constant="true"/>
        </listOfProducts>
      </reaction>
      <reaction id="R_R02003" name="rn:R02003" reversible="false" fast="false" fbc:lowerFluxBound="cobra_0_bound" fbc:upperFluxBound="cobra_default_ub">
        <listOfReactants>
          <speciesReference species="M_cpd__58__C00341" stoichiometry="1" constant="true"/>
          <speciesReference species="M_cpd__58__C00129" stoichiometry="1" constant="true"/>
        </listOfReactants>
        <listOfProducts>
          <speciesReference species="M_cpd__58__C00448" stoichiometry="1" constant="true"/>
        </listOfProducts>
      </reaction>
      <reaction id="R_R02061" name="rn:R02061" reversible="false" fast="false" fbc:lowerFluxBound="cobra_0_bound" fbc:upperFluxBound="cobra_default_ub">
        <listOfReactants>
          <speciesReference species="M_cpd__58__C00448" stoichiometry="1" constant="true"/>
          <speciesReference species="M_cpd__58__C00129" stoichiometry="1" constant="true"/>
        </listOfReactants>
        <listOfProducts>
          <speciesReference species="M_cpd__58__C00353" stoichiometry="1" constant="true"/>
        </listOfProducts>
      </reaction>
      <reaction id="R_R05556" name="rn:R05556" reversible="false" fast="false" fbc:lowerFluxBound="cobra_0_bound" fbc:upperFluxBound="cobra_default_ub">
        <listOfReactants>
          <speciesReference species="M_cpd__58__C00448" stoichiometry="1" constant="true"/>
        </listOfReactants>
        <listOfProducts>
          <speciesReference species="M_cpd__58__C05859" stoichiometry="1" constant="true"/>
        </listOfProducts>
      </reaction>
      <reaction id="R_R09249" name="rn:R09249" reversible="false" fast="false" fbc:lowerFluxBound="cobra_0_bound" fbc:upperFluxBound="cobra_default_ub">
        <listOfReactants>
          <speciesReference species="M_cpd__58__C00448" stoichiometry="1" constant="true"/>
        </listOfReactants>
        <listOfProducts>
          <speciesReference species="M_cpd__58__C17432" stoichiometry="1" constant="true"/>
        </listOfProducts>
      </reaction>
      <reaction id="R_R09844" name="rn:R09844" reversible="false" fast="false" fbc:lowerFluxBound="cobra_0_bound" fbc:upperFluxBound="cobra_default_ub">
        <listOfReactants>
          <speciesReference species="M_cpd__58__C00448" stoichiometry="1" constant="true"/>
        </listOfReactants>
        <listOfProducts>
          <speciesReference species="M_cpd__58__C20120" stoichiometry="1" constant="true"/>
        </listOfProducts>
      </reaction>
      <reaction id="R_R09845" name="rn:R09845" reversible="false" fast="false" fbc:lowerFluxBound="cobra_0_bound" fbc:upperFluxBound="cobra_default_ub">
        <listOfReactants>
          <speciesReference species="M_cpd__58__C20120" stoichiometry="1" constant="true"/>
        </listOfReactants>
        <listOfProducts>
          <speciesReference species="M_cpd__58__C04506" stoichiometry="1" constant="true"/>
        </listOfProducts>
      </reaction>
      <reaction id="R_R04496" name="rn:R04496" reversible="false" fast="false" fbc:lowerFluxBound="cobra_0_bound" fbc:upperFluxBound="cobra_default_ub">
        <listOfReactants>
          <speciesReference species="M_cpd__58__C04506" stoichiometry="1" constant="true"/>
        </listOfReactants>
        <listOfProducts>
          <speciesReference species="M_cpd__58__C04748" stoichiometry="1" constant="true"/>
        </listOfProducts>
      </reaction>
      <reaction id="R_R09562" name="rn:R09562" reversible="false" fast="false" fbc:lowerFluxBound="cobra_0_bound" fbc:upperFluxBound="cobra_default_ub">
        <listOfReactants>
          <speciesReference species="M_cpd__58__C19691" stoichiometry="1" constant="true"/>
        </listOfReactants>
        <listOfProducts>
          <speciesReference species="M_cpd__58__C03461" stoichiometry="1" constant="true"/>
        </listOfProducts>
      </reaction>
      <reaction id="R_R_EX_1" name="cpd:C00024" reversible="true" fast="false" fbc:lowerFluxBound="cobra_default_lb" fbc:upperFluxBound="cobra_default_ub">
        <listOfReactants>
          <speciesReference species="M_cpd__58__C00024" stoichiometry="1" constant="true"/>
        </listOfReactants>
      </reaction>
      <reaction id="R_R_EX_2" name="cpd:C19691" reversible="true" fast="false" fbc:lowerFluxBound="cobra_default_lb" fbc:upperFluxBound="cobra_default_ub">
        <listOfReactants>
          <speciesReference species="M_cpd__58__C19691" stoichiometry="1" constant="true"/>
        </listOfReactants>
      </reaction>
      <reaction id="R_R_EX_3" name="cpd:C04748" reversible="true" fast="false" fbc:lowerFluxBound="cobra_default_lb" fbc:upperFluxBound="cobra_default_ub">
        <listOfReactants>
          <speciesReference species="M_cpd__58__C04748" stoichiometry="1" constant="true"/>
        </listOfReactants>
      </reaction>
      <reaction id="R_R_EX_4" name="cpd:C00353" reversible="true" fast="false" fbc:lowerFluxBound="cobra_default_lb" fbc:upperFluxBound="cobra_default_ub">
        <listOfReactants>
          <speciesReference species="M_cpd__58__C00353" stoichiometry="1" constant="true"/>
        </listOfReactants>
      </reaction>
      <reaction id="R_R_EX_5" name="cpd:C17432" reversible="true" fast="false" fbc:lowerFluxBound="cobra_default_lb" fbc:upperFluxBound="cobra_default_ub">
        <listOfReactants>
          <speciesReference species="M_cpd__58__C17432" stoichiometry="1" constant="true"/>
        </listOfReactants>
      </reaction>
      <reaction id="R_R_EX_6" name="cpd:C03461" reversible="true" fast="false" fbc:lowerFluxBound="cobra_default_lb" fbc:upperFluxBound="cobra_default_ub">
        <listOfReactants>
          <speciesReference species="M_cpd__58__C03461" stoichiometry="1" constant="true"/>
        </listOfReactants>
      </reaction>
      <reaction id="R_R_EX_7" name="cpd:C05859" reversible="true" fast="false" fbc:lowerFluxBound="cobra_default_lb" fbc:upperFluxBound="cobra_default_ub">
        <listOfReactants>
          <speciesReference species="M_cpd__58__C05859" stoichiometry="1" constant="true"/>
        </listOfReactants>
      </reaction>
    </listOfReactions>
    <fbc:listOfObjectives fbc:activeObjective="obj">
      <fbc:objective fbc:id="obj" fbc:type="maximize"/>
    </fbc:listOfObjectives>
  </model>
</sbml>
