<?xml version="1.0" encoding="UTF-8"?>
<sbml xmlns="http://www.sbml.org/sbml/level3/version1/core" xmlns:fbc="http://www.sbml.org/sbml/level3/version1/fbc/version2" sboTerm="SBO:0000624" level="3" version="1" fbc:required="false">
  <model metaid="meta_hsa01040_model" id="hsa01040_model" fbc:strict="true">
    <listOfUnitDefinitions>
      <unitDefinition id="mmol_per_gDW_per_hr">
        <listOfUnits>
          <unit kind="mole" exponent="1" scale="-3" multiplier="1"/>
          <unit kind="gram" exponent="-1" scale="0" multiplier="1"/>
          <unit kind="second" exponent="-1" scale="0" multiplier="3600"/>
        </listOfUnits>
      </unitDefinition>
    </listOfUnitDefinitions>
    <listOfCompartments>
      <compartment id="default" constant="true"/>
    </listOfCompartments>
    <listOfSpecies>
      <species id="M_cpd__58__C00154" compartment="default" hasOnlySubstanceUnits="false" boundaryCondition="false" constant="false"/>
      <species id="M_cpd__58__C00249" compartment="default" hasOnlySubstanceUnits="false" boundaryCondition="false" constant="false"/>
      <species id="M_cpd__58__C00412" compartment="default" hasOnlySubstanceUnits="false" boundaryCondition="false" constant="false"/>
      <species id="M_cpd__58__C01530" compartment="default" hasOnlySubstanceUnits="false" boundaryCondition="false" constant="false"/>
      <species id="M_cpd__58__C02041" compartment="default" hasOnlySubstanceUnits="false" boundaryCondition="false" constant="false"/>
      <species id="M_cpd__58__C06425" compartment="default" hasOnlySubstanceUnits="false" boundaryCondition="false" constant="false"/>
      <species id="M_cpd__58__C00510" compartment="default" hasOnlySubstanceUnits="false" boundaryCondition="false" constant="false"/>
      <species id="M_cpd__58__C00712" compartment="default" hasOnlySubstanceUnits="false" boundaryCondition="false" constant="false"/>
      <species id="M_cpd__58__C02050" compartment="default" hasOnlySubstanceUnits="false" boundaryCondition="false" constant="false"/>
      <species id="M_cpd__58__C01595" compartment="default" hasOnlySubstanceUnits="false" boundaryCondition="false" constant="false"/>
      <species id="M_cpd__58__C02249" compartment="default" hasOnlySubstanceUnits="false" boundaryCondition="false" constant="false"/>
      <species id="M_cpd__58__C00219" compartment="default" hasOnlySubstanceUnits="false" boundaryCondition="false" constant="false"/>
      <species id="M_cpd__58__C03595" compartment="default" hasOnlySubstanceUnits="false" boundaryCondition="false" constant="false"/>
      <species id="M_cpd__58__C03242" compartment="default" hasOnlySubstanceUnits="false" boundaryCondition="false" constant="false"/>
      <species id="M_cpd__58__C03035" compartment="default" hasOnlySubstanceUnits="false" boundaryCondition="false" constant="false"/>
      <species id="M_cpd__58__C06426" compartment="default" hasOnlySubstanceUnits="false" boundaryCondition="false" constant="false"/>
      <species id="M_cpd__58__C16169" compartment="default" hasOnlySubstanceUnits="false" boundaryCondition="false" constant="false"/>
      <species id="M_cpd__58__C06429" compartment="default" hasOnlySubstanceUnits="false" boundaryCondition="false" constant="false"/>
      <species id="M_cpd__58__C16165" compartment="default" hasOnlySubstanceUnits="false" boundaryCondition="false" constant="false"/>
      <species id="M_cpd__58__C06428" compartment="default" hasOnlySubstanceUnits="false" boundaryCondition="false" constant="false"/>
      <species id="M_cpd__58__C16162" compartment="default" hasOnlySubstanceUnits="false" boundaryCondition="false" constant="false"/>
      <species id="M_cpd__58__C06427" compartment="default" hasOnlySubstanceUnits="false" boundaryCondition="false" constant="false"/>
      <species id="M_cpd__58__C16163" compartment="default" hasOnlySubstanceUnits="false" boundaryCondition="false" constant="false"/>
      <species id="M_cpd__58__C16167" compartment="default" hasOnlySubstanceUnits="false" boundaryCondition="false" constant="false"/>
      <species id="M_cpd__58__C16168" compartment="default" hasOnlySubstanceUnits="false" boundaryCondition="false" constant="false"/>
      <species id="M_cpd__58__C16171" compartment="default" hasOnlySubstanceUnits="false" boundaryCondition="false" constant="false"/>
      <species id="M_cpd__58__C16172" compartment="default" hasOnlySubstanceUnits="false" boundaryCondition="false" constant="false"/>
      <species id="M_cpd__58__C16164" compartment="default" hasOnlySubstanceUnits="false" boundaryCondition="false" constant="false"/>
      <species id="M_cpd__58__C21943" compartment="default" hasOnlySubstanceUnits="false" boundaryCondition="false" constant="false"/>
      <species id="M_cpd__58__C21072" compartment="default" hasOnlySubstanceUnits="false" boundaryCondition="false" constant="false"/>
      <species id="M_cpd__58__C21935" compartment="default" hasOnlySubstanceUnits="false" boundaryCondition="false" constant="false"/>
      <species id="M_cpd__58__C21937" compartment="default" hasOnlySubstanceUnits="false" boundaryCondition="false" constant="false"/>
      <species id="M_cpd__58__C21939" compartment="default" hasOnlySubstanceUnits="false" boundaryCondition="false" constant="false"/>
      <species id="M_cpd__58__C16530" compartment="default" hasOnlySubstanceUnits="false" boundaryCondition="false" constant="false"/>
      <species id="M_cpd__58__C16179" compartment="default" hasOnlySubstanceUnits="false" boundaryCondition="false" constant="false"/>
      <species id="M_cpd__58__C16180" compartment="default" hasOnlySubstanceUnits="false" boundaryCondition="false" constant="false"/>
    </listOfSpecies>
    <listOfParameters>
      <parameter sboTerm="SBO:0000626" id="cobra_default_lb" value="-1000" constant="true"/>
      <parameter sboTerm="SBO:0000626" id="cobra_default_ub" value="1000" constant="true"/>
      <parameter sboTerm="SBO:0000626" id="cobra_0_bound" value="0" constant="true"/>
      <parameter sboTerm="SBO:0000625" id="minus_inf" value="-INF" constant="true"/>
      <parameter sboTerm="SBO:0000625" id="plus_inf" value="INF" constant="true"/>
    </listOfParameters>
    <listOfReactions>
      <reaction id="R_R01274" name="rn:R01274" reversible="false" fast="false" fbc:lowerFluxBound="cobra_0_bound" fbc:upperFluxBound="cobra_default_ub">
        <listOfReactants>
          <speciesReference species="M_cpd__58__C00154" stoichiometry="1" constant="true"/>
        </listOfReactants>
        <listOfProducts>
          <speciesReference species="M_cpd__58__C00249" stoichiometry="1" constant="true"/>
        </listOfProducts>
      </reaction>
      <reaction id="R_R08174" name="rn:R08174" reversible="false" fast="false" fbc:lowerFluxBound="cobra_0_bound" fbc:upperFluxBound="cobra_default_ub">
        <listOfReactants>
          <speciesReference species="M_cpd__58__C00412" stoichiometry="1" constant="true"/>
        </listOfReactants>
        <listOfProducts>
          <speciesReference species="M_cpd__58__C01530" stoichiometry="1" constant="true"/>
        </listOfProducts>
      </reaction>
      <reaction id="R_R08175" name="rn:R08175" reversible="false" fast="false" fbc:lowerFluxBound="cobra_0_bound" fbc:upperFluxBound="cobra_default_ub">
        <listOfReactants>
          <speciesReference species="M_cpd__58__C02041" stoichiometry="1" constant="true"/>
        </listOfReactants>
        <listOfProducts>
          <speciesReference species="M_cpd__58__C06425" stoichiometry="1" constant="true"/>
        </listOfProducts>
      </reaction>
      <reaction id="R_R08176" name="rn:R08176" reversible="false" fast="false" fbc:lowerFluxBound="cobra_0_bound" fbc:upperFluxBound="cobra_default_ub">
        <listOfReactants>
          <speciesReference species="M_cpd__58__C00510" stoichiometry="1" constant="true"/>
        </listOfReactants>
        <listOfProducts>
          <speciesReference species="M_cpd__58__C00712" stoichiometry="1" constant="true"/>
        </listOfProducts>
      </reaction>
      <reaction id="R_R08177" name="rn:R08177" reversible="false" fast="false" fbc:lowerFluxBound="cobra_0_bound" fbc:upperFluxBound="cobra_default_ub">
        <listOfReactants>
          <speciesReference species="M_cpd__58__C02050" stoichiometry="1" constant="true"/>
        </listOfReactants>
        <listOfProducts>
          <speciesReference species="M_cpd__58__C01595" stoichiometry="1" constant="true"/>
        </listOfProducts>
      </reaction>
      <reaction id="R_R08183" name="rn:R08183" reversible="false" fast="false" fbc:lowerFluxBound="cobra_0_bound" fbc:upperFluxBound="cobra_default_ub">
        <listOfReactants>
          <speciesReference species="M_cpd__58__C02249" stoichiometry="1" constant="true"/>
        </listOfReactants>
        <listOfProducts>
          <speciesReference species="M_cpd__58__C00219" stoichiometry="1" constant="true"/>
        </listOfProducts>
      </reaction>
      <reaction id="R_R08182" name="rn:R08182" reversible="false" fast="false" fbc:lowerFluxBound="cobra_0_bound" fbc:upperFluxBound="cobra_default_ub">
        <listOfReactants>
          <speciesReference species="M_cpd__58__C03595" stoichiometry="1" constant="true"/>
        </listOfReactants>
        <listOfProducts>
          <speciesReference species="M_cpd__58__C03242" stoichiometry="1" constant="true"/>
        </listOfProducts>
      </reaction>
      <reaction id="R_R08181" name="rn:R08181" reversible="false" fast="false" fbc:lowerFluxBound="cobra_0_bound" fbc:upperFluxBound="cobra_default_ub">
        <listOfReactants>
          <speciesReference species="M_cpd__58__C03035" stoichiometry="1" constant="true"/>
        </listOfReactants>
        <listOfProducts>
          <speciesReference species="M_cpd__58__C06426" stoichiometry="1" constant="true"/>
        </listOfProducts>
      </reaction>
      <reaction id="R_R08180" name="rn:R08180" reversible="false" fast="false" fbc:lowerFluxBound="cobra_0_bound" fbc:upperFluxBound="cobra_default_ub">
        <listOfReactants>
          <speciesReference species="M_cpd__58__C16169" stoichiometry="1" constant="true"/>
        </listOfReactants>
        <listOfProducts>
          <speciesReference species="M_cpd__58__C06429" stoichiometry="1" constant="true"/>
        </listOfProducts>
      </reaction>
      <reaction id="R_R08179" name="rn:R08179" reversible="false" fast="false" fbc:lowerFluxBound="cobra_0_bound" fbc:upperFluxBound="cobra_default_ub">
        <listOfReactants>
          <speciesReference species="M_cpd__58__C16165" stoichiometry="1" constant="true"/>
        </listOfReactants>
        <listOfProducts>
          <speciesReference species="M_cpd__58__C06428" stoichiometry="1" constant="true"/>
        </listOfProducts>
      </reaction>
      <reaction id="R_R08178" name="rn:R08178" reversible="false" fast="false" fbc:lowerFluxBound="cobra_0_bound" fbc:upperFluxBound="cobra_default_ub">
        <listOfReactants>
          <speciesReference species="M_cpd__58__C16162" stoichiometry="1" constant="true"/>
        </listOfReactants>
        <listOfProducts>
          <speciesReference species="M_cpd__58__C06427" stoichiometry="1" constant="true"/>
        </listOfProducts>
      </reaction>
      <reaction id="R_R07933" name="rn:R07933" reversible="false" fast="false" fbc:lowerFluxBound="cobra_0_bound" fbc:upperFluxBound="cobra_default_ub">
        <listOfReactants>
          <speciesReference species="M_cpd__58__C16162" stoichiometry="1" constant="true"/>
        </listOfReactants>
        <listOfProducts>
          <speciesReference species="M_cpd__58__C16163" stoichiometry="1" constant="true"/>
        </listOfProducts>
      </reaction>
      <reaction id="R_R11110" name="rn:R11110" reversible="false" fast="false" fbc:lowerFluxBound="cobra_0_bound" fbc:upperFluxBound="cobra_default_ub">
        <listOfReactants>
          <speciesReference species="M_cpd__58__C16167" stoichiometry="1" constant="true"/>
        </listOfReactants>
        <listOfProducts>
          <speciesReference species="M_cpd__58__C16168" stoichiometry="1" constant="true"/>
        </listOfProducts>
      </reaction>
      <reaction id="R_R11111" name="rn:R11111" reversible="false" fast="false" fbc:lowerFluxBound="cobra_0_bound" fbc:upperFluxBound="cobra_default_ub">
        <listOfReactants>
          <speciesReference species="M_cpd__58__C16171" stoichiometry="1" constant="true"/>
        </listOfReactants>
        <listOfProducts>
          <speciesReference species="M_cpd__58__C16172" stoichiometry="1" constant="true"/>
        </listOfProducts>
      </reaction>
      <reaction id="R_R11059" name="rn:R11059" reversible="false" fast="false" fbc:lowerFluxBound="cobra_0_bound" fbc:upperFluxBound="cobra_default_ub">
        <listOfReactants>
          <speciesReference species="M_cpd__58__C03595" stoichiometry="1" constant="true"/>
        </listOfReactants>
        <listOfProducts>
          <speciesReference species="M_cpd__58__C02249" stoichiometry="1" constant="true"/>
        </listOfProducts>
      </reaction>
      <reaction id="R_R03814" name="rn:R03814" reversible="false" fast="false" fbc:lowerFluxBound="cobra_0_bound" fbc:upperFluxBound="cobra_default_ub">
        <listOfReactants>
          <speciesReference species="M_cpd__58__C02050" stoichiometry="1" constant="true"/>
        </listOfReactants>
        <listOfProducts>
          <speciesReference species="M_cpd__58__C03035" stoichiometry="1" constant="true"/>
        </listOfProducts>
      </reaction>
      <reaction id="R_R11060" name="rn:R11060" reversible="false" fast="false" fbc:lowerFluxBound="cobra_0_bound" fbc:upperFluxBound="cobra_default_ub">
        <listOfReactants>
          <speciesReference species="M_cpd__58__C16164" stoichiometry="1" constant="true"/>
        </listOfReactants>
        <listOfProducts>
          <speciesReference species="M_cpd__58__C16165" stoichiometry="1" constant="true"/>
        </listOfProducts>
      </reaction>
      <reaction id="R_R12172" name="rn:R12172" reversible="false" fast="false" fbc:lowerFluxBound="cobra_0_bound" fbc:upperFluxBound="cobra_default_ub">
        <listOfReactants>
          <speciesReference species="M_cpd__58__C00154" stoichiometry="1" constant="true"/>
        </listOfReactants>
        <listOfProducts>
          <speciesReference species="M_cpd__58__C21943" stoichiometry="1" constant="true"/>
        </listOfProducts>
      </reaction>
      <reaction id="R_R12173" name="rn:R12173" reversible="false" fast="false" fbc:lowerFluxBound="cobra_0_bound" fbc:upperFluxBound="cobra_default_ub">
        <listOfReactants>
          <speciesReference species="M_cpd__58__C00154" stoichiometry="1" constant="true"/>
        </listOfReactants>
        <listOfProducts>
          <speciesReference species="M_cpd__58__C21072" stoichiometry="1" constant="true"/>
        </listOfProducts>
      </reaction>
      <reaction id="R_R12167" name="rn:R12167" reversible="false" fast="false" fbc:lowerFluxBound="cobra_0_bound" fbc:upperFluxBound="cobra_default_ub">
        <listOfReactants>
          <speciesReference species="M_cpd__58__C00510" stoichiometry="1" constant="true"/>
        </listOfReactants>
        <listOfProducts>
          <speciesReference species="M_cpd__58__C21935" stoichiometry="1" constant="true"/>
        </listOfProducts>
      </reaction>
      <reaction id="R_R12169" name="rn:R12169" reversible="false" fast="false" fbc:lowerFluxBound="cobra_0_bound" fbc:upperFluxBound="cobra_default_ub">
        <listOfReactants>
          <speciesReference species="M_cpd__58__C21937" stoichiometry="1" constant="true"/>
        </listOfReactants>
        <listOfProducts>
          <speciesReference species="M_cpd__58__C21939" stoichiometry="1" constant="true"/>
        </listOfProducts>
      </reaction>
      <reaction id="R_R12168" name="rn:R12168" reversible="false" fast="false" fbc:lowerFluxBound="cobra_0_bound" fbc:upperFluxBound="cobra_default_ub">
        <listOfReactants>
          <speciesReference species="M_cpd__58__C16530" stoichiometry="1" constant="true"/>
        </listOfReactants>
        <listOfProducts>
          <speciesReference species="M_cpd__58__C21937" stoichiometry="1" constant="true"/>
        </listOfProducts>
      </reaction>
      <reaction id="R_R12170" name="rn:R12170" reversible="false" fast="false" fbc:lowerFluxBound="cobra_0_bound" fbc:upperFluxBound="cobra_default_ub">
        <listOfReactants>
          <speciesReference species="M_cpd__58__C16179" stoichiometry="1" constant="true"/>
        </listOfReactants>
        <listOfProducts>
          <speciesReference species="M_cpd__58__C16164" stoichiometry="1" constant="true"/>
        </listOfProducts>
      </reaction>
      <reaction id="R_R12171" name="rn:R12171" reversible="false" fast="false" fbc:lowerFluxBound="cobra_0_bound" fbc:upperFluxBound="cobra_default_ub">
        <listOfReactants>
          <speciesReference species="M_cpd__58__C16180" stoichiometry="1" constant="true"/>
        </listOfReactants>
        <listOfProducts>
          <speciesReference species="M_cpd__58__C03595" stoichiometry="1" constant="true"/>
        </listOfProducts>
      </reaction>
      <reaction id="R_R_EX_1" name="cpd:C16162" reversible="true" fast="false" fbc:lowerFluxBound="cobra_default_lb" fbc:upperFluxBound="cobra_default_ub">
        <listOfReactants>
          <speciesReference species="M_cpd__58__C16162" stoichiometry="1" constant="true"/>
        </listOfReactants>
      </reaction>
      <reaction id="R_R_EX_2" name="cpd:C16180" reversible="true" fast="false" fbc:lowerFluxBound="cobra_default_lb" fbc:upperFluxBound="cobra_default_ub">
        <listOfReactants>
          <speciesReference species="M_cpd__58__C16180" stoichiometry="1" constant="true"/>
        </listOfReactants>
      </reaction>
      <reaction id="R_R_EX_3" name="cpd:C16171" reversible="true" fast="false" fbc:lowerFluxBound="cobra_default_lb" fbc:upperFluxBound="cobra_default_ub">
        <listOfReactants>
          <speciesReference species="M_cpd__58__C16171" stoichiometry="1" constant="true"/>
        </listOfReactants>
      </reaction>
      <reaction id="R_R_EX_4" name="cpd:C00510" reversible="true" fast="false" fbc:lowerFluxBound="cobra_default_lb" fbc:upperFluxBound="cobra_default_ub">
        <listOfReactants>
          <speciesReference species="M_cpd__58__C00510" stoichiometry="1" constant="true"/>
        </listOfReactants>
      </reaction>
      <reaction id="R_R_EX_5" name="cpd:C00154" reversible="true" fast="false" fbc:lowerFluxBound="cobra_default_lb" fbc:upperFluxBound="cobra_default_ub">
        <listOfReactants>
          <speciesReference species="M_cpd__58__C00154" stoichiometry="1" constant="true"/>
        </listOfReactants>
      </reaction>
      <reaction id="R_R_EX_6" name="cpd:C16169" reversible="true" fast="false" fbc:lowerFluxBound="cobra_default_lb" fbc:upperFluxBound="cobra_default_ub">
        <listOfReactants>
          <speciesReference species="M_cpd__58__C16169" stoichiometry="1" constant="true"/>
        </listOfReactants>
      </reaction>
      <reaction id="R_R_EX_7" name="cpd:C16530" reversible="true" fast="false" fbc:lowerFluxBound="cobra_default_lb" fbc:upperFluxBound="cobra_default_ub">
        <listOfReactants>
          <speciesReference species="M_cpd__58__C16530" stoichiometry="1" constant="true"/>
        </listOfReactants>
      </reaction>
      <reaction id="R_R_EX_8" name="cpd:C02041" reversible="true" fast="false" fbc:lowerFluxBound="cobra_default_lb" fbc:upperFluxBound="cobra_default_ub">
        <listOfReactants>
          <speciesReference species="M_cpd__58__C02041" stoichiometry="1" constant="true"/>
        </listOfReactants>
      </reaction>
      <reaction id="R_R_EX_9" name="cpd:C02050" reversible="true" fast="false" fbc:lowerFluxBound="cobra_default_lb" fbc:upperFluxBound="cobra_default_ub">
        <listOfReactants>
          <speciesReference species="M_cpd__58__C02050" stoichiometry="1" constant="true"/>
        </listOfReactants>
      </reaction>
      <reaction id="R_R_EX_10" name="cpd:C00412" reversible="true" fast="false" fbc:lowerFluxBound="cobra_default_lb" fbc:upperFluxBound="cobra_default_ub">
        <listOfReactants>
          <speciesReference species="M_cpd__58__C00412" stoichiometry="1" constant="true"/>
        </listOfReactants>
      </reaction>
      <reaction id="R_R_EX_11" name="cpd:C16179" reversible="true" fast="false" fbc:lowerFluxBound="cobra_default_lb" fbc:upperFluxBound="cobra_default_ub">
        <listOfReactants>
          <speciesReference species="M_cpd__58__C16179" stoichiometry="1" constant="true"/>
        </listOfReactants>
      </reaction>
      <reaction id="R_R_EX_12" name="cpd:C16167" reversible="true" fast="false" fbc:lowerFluxBound="cobra_default_lb" fbc:upperFluxBound="cobra_default_ub">
        <listOfReactants>
          <speciesReference species="M_cpd__58__C16167" stoichiometry="1" constant="true"/>
        </listOfReactants>
      </reaction>
      <reaction id="R_R_EX_13" name="cpd:C01530" reversible="true" fast="false" fbc:lowerFluxBound="cobra_default_lb" fbc:upperFluxBound="cobra_default_ub">
        <listOfReactants>
          <speciesReference species="M_cpd__58__C01530" stoichiometry="1" constant="true"/>
        </listOfReactants>
      </reaction>
      <reaction id="R_R_EX_14" name="cpd:C06426" reversible="true" fast="false" fbc:lowerFluxBound="cobra_default_lb" fbc:upperFluxBound="cobra_default_ub">
        <listOfReactants>
          <speciesReference species="M_cpd__58__C06426" stoichiometry="1" constant="true"/>
        </listOfReactants>
      </reaction>
      <reaction id="R_R_EX_15" name="cpd:C21943" reversible="true" fast="false" fbc:lowerFluxBound="cobra_default_lb" fbc:upperFluxBound="cobra_default_ub">
        <listOfReactants>
          <speciesReference species="M_cpd__58__C21943" stoichiometry="1" constant="true"/>
        </listOfReactants>
      </reaction>
      <reaction id="R_R_EX_16" name="cpd:C16168" reversible="true" fast="false" fbc:lowerFluxBound="cobra_default_lb" fbc:upperFluxBound="cobra_default_ub">
        <listOfReactants>
          <speciesReference species="M_cpd__58__C16168" stoichiometry="1" constant="true"/>
        </listOfReactants>
      </reaction>
      <reaction id="R_R_EX_17" name="cpd:C03242" reversible="true" fast="false" fbc:lowerFluxBound="cobra_default_lb" fbc:upperFluxBound="cobra_default_ub">
        <listOfReactants>
          <speciesReference species="M_cpd__58__C03242" stoichiometry="1" constant="true"/>
        </listOfReactants>
      </reaction>
      <reaction id="R_R_EX_18" name="cpd:C21935" reversible="true" fast="false" fbc:lowerFluxBound="cobra_default_lb" fbc:upperFluxBound="cobra_default_ub">
        <listOfReactants>
          <speciesReference species="M_cpd__58__C21935" stoichiometry="1" constant="true"/>
        </listOfReactants>
      </reaction>
      <reaction id="R_R_EX_19" name="cpd:C16172" reversible="true" fast="false" fbc:lowerFluxBound="cobra_default_lb" fbc:upperFluxBound="cobra_default_ub">
        <listOfReactants>
          <speciesReference species="M_cpd__58__C16172" stoichiometry="1" constant="true"/>
        </listOfReactants>
      </reaction>
      <reaction id="R_R_EX_20" name="cpd:C06425" reversible="true" fast="false" fbc:lowerFluxBound="cobra_default_lb" fbc:upperFluxBound="cobra_default_ub">
        <listOfReactants>
          <speciesReference species="M_cpd__58__C06425" stoichiometry="1" constant="true"/>
        </listOfReactants>
      </reaction>
      <reaction id="R_R_EX_21" name="cpd:C01595" reversible="true" fast="false" fbc:lowerFluxBound="cobra_default_lb" fbc:upperFluxBound="cobra_default_ub">
        <listOfReactants>
          <speciesReference species="M_cpd__58__C01595" stoichiometry="1" constant="true"/>
        </listOfReactants>
      </reaction>
      <reaction id="R_R_EX_22" name="cpd:C06428" reversible="true" fast="false" fbc:lowerFluxBound="cobra_default_lb" fbc:upperFluxBound="cobra_default_ub">
        <listOfReactants>
          <speciesReference species="M_cpd__58__C06428" stoichiometry="1" constant="true"/>
        </listOfReactants>
      </reaction>
      <reaction id="R_R_EX_23" name="cpd:C21939" reversible="true" fast="false" fbc:lowerFluxBound="cobra_default_lb" fbc:upperFluxBound="cobra_default_ub">
        <listOfReactants>
          <speciesReference species="M_cpd__58__C21939" stoichiometry="1" constant="true"/>
        </listOfReactants>
      </reaction>
      <reaction id="R_R_EX_24" name="cpd:C06427" reversible="true" fast="false" fbc:lowerFluxBound="cobra_default_lb" fbc:upperFluxBound="cobra_default_ub">
        <listOfReactants>
          <speciesReference species="M_cpd__58__C06427" stoichiometry="1" constant="true"/>
        </listOfReactants>
      </reaction>
      <reaction id="R_R_EX_25" name="cpd:C16163" reversible="true" fast="false" fbc:lowerFluxBound="cobra_default_lb" fbc:upperFluxBound="cobra_default_ub">
        <listOfReactants>
          <speciesReference species="M_cpd__58__C16163" stoichiometry="1" constant="true"/>
        </listOfReactants>
      </reaction>
      <reaction id="R_R_EX_26" name="cpd:C00249" reversible="true" fast="false" fbc:lowerFluxBound="cobra_default_lb" fbc:upperFluxBound="cobra_default_ub">
        <listOfReactants>
          <speciesReference species="M_cpd__58__C00249" stoichiometry="1" constant="true"/>
        </listOfReactants>
      </reaction>
      <reaction id="R_R_EX_27" name="cpd:C00219" reversible="true" fast="false" fbc:lowerFluxBound="cobra_default_lb" fbc:upperFluxBound="cobra_default_ub">
        <listOfReactants>
          <speciesReference species="M_cpd__58__C00219" stoichiometry="1" constant="true"/>
        </listOfReactants>
      </reaction>
      <reaction id="R_R_EX_28" name="cpd:C21072" reversible="true" fast="false" fbc:lowerFluxBound="cobra_default_lb" fbc:upperFluxBound="cobra_default_ub">
        <listOfReactants>
          <speciesReference species="M_cpd__58__C21072" stoichiometry="1" constant="true"/>
        </listOfReactants>
      </reaction>
      <reaction id="R_R_EX_29" name="cpd:C00712" reversible="true" fast="false" fbc:lowerFluxBound="cobra_default_lb" fbc:upperFluxBound="cobra_default_ub">
        <listOfReactants>
          <speciesReference species="M_cpd__58__C00712" stoichiometry="1" constant="true"/>
        </listOfReactants>
      </reaction>
      <reaction id="R_R_EX_30" name="cpd:C06429" reversible="true" fast="false" fbc:lowerFluxBound="cobra_default_lb" fbc:upperFluxBound="cobra_default_ub">
        <listOfReactants>
          <speciesReference species="M_cpd__58__C06429" stoichiometry="1" constant="true"/>
        </listOfReactants>
      </reaction>
    </listOfReactions>
    <fbc:listOfObjectives fbc:activeObjective="obj">
      <fbc:objective fbc:id="obj" fbc:type="maximize"/>
    </fbc:listOfObjectives>
  </model>
</sbml>
