<?xml version="1.0" encoding="UTF-8"?>
<sbml xmlns="http://www.sbml.org/sbml/level3/version1/core" xmlns:fbc="http://www.sbml.org/sbml/level3/version1/fbc/version2" sboTerm="SBO:0000624" level="3" version="1" fbc:required="false">
  <model metaid="meta_hsa00260_model" id="hsa00260_model" fbc:strict="true">
    <listOfUnitDefinitions>
      <unitDefinition id="mmol_per_gDW_per_hr">
        <listOfUnits>
          <unit kind="mole" exponent="1" scale="-3" multiplier="1"/>
          <unit kind="gram" exponent="-1" scale="0" multiplier="1"/>
          <unit kind="second" exponent="-1" scale="0" multiplier="3600"/>
        </listOfUnits>
      </unitDefinition>
    </listOfUnitDefinitions>
    <listOfCompartments>
      <compartment id="default" constant="true"/>
    </listOfCompartments>
    <listOfSpecies>
      <species id="M_cpd__58__C00065" compartment="default" hasOnlySubstanceUnits="false" boundaryCondition="false" constant="false"/>
      <species id="M_cpd__58__C00740" compartment="default" hasOnlySubstanceUnits="false" boundaryCondition="false" constant="false"/>
      <species id="M_cpd__58__C00114" compartment="default" hasOnlySubstanceUnits="false" boundaryCondition="false" constant="false"/>
      <species id="M_cpd__58__C00576" compartment="default" hasOnlySubstanceUnits="false" boundaryCondition="false" constant="false"/>
      <species id="M_cpd__58__C00719" compartment="default" hasOnlySubstanceUnits="false" boundaryCondition="false" constant="false"/>
      <species id="M_cpd__58__C01026" compartment="default" hasOnlySubstanceUnits="false" boundaryCondition="false" constant="false"/>
      <species id="M_cpd__58__C00037" compartment="default" hasOnlySubstanceUnits="false" boundaryCondition="false" constant="false"/>
      <species id="M_cpd__58__C00168" compartment="default" hasOnlySubstanceUnits="false" boundaryCondition="false" constant="false"/>
      <species id="M_cpd__58__C00581" compartment="default" hasOnlySubstanceUnits="false" boundaryCondition="false" constant="false"/>
      <species id="M_cpd__58__C00300" compartment="default" hasOnlySubstanceUnits="false" boundaryCondition="false" constant="false"/>
      <species id="M_cpd__58__C00197" compartment="default" hasOnlySubstanceUnits="false" boundaryCondition="false" constant="false"/>
      <species id="M_cpd__58__C03232" compartment="default" hasOnlySubstanceUnits="false" boundaryCondition="false" constant="false"/>
      <species id="M_cpd__58__C00213" compartment="default" hasOnlySubstanceUnits="false" boundaryCondition="false" constant="false"/>
      <species id="M_cpd__58__C02291" compartment="default" hasOnlySubstanceUnits="false" boundaryCondition="false" constant="false"/>
      <species id="M_cpd__58__C00097" compartment="default" hasOnlySubstanceUnits="false" boundaryCondition="false" constant="false"/>
      <species id="M_cpd__58__C01005" compartment="default" hasOnlySubstanceUnits="false" boundaryCondition="false" constant="false"/>
      <species id="M_cpd__58__C00143" compartment="default" hasOnlySubstanceUnits="false" boundaryCondition="false" constant="false"/>
      <species id="M_cpd__58__C00188" compartment="default" hasOnlySubstanceUnits="false" boundaryCondition="false" constant="false"/>
      <species id="M_cpd__58__C00109" compartment="default" hasOnlySubstanceUnits="false" boundaryCondition="false" constant="false"/>
      <species id="M_cpd__58__C00048" compartment="default" hasOnlySubstanceUnits="false" boundaryCondition="false" constant="false"/>
      <species id="M_cpd__58__C03508" compartment="default" hasOnlySubstanceUnits="false" boundaryCondition="false" constant="false"/>
      <species id="M_cpd__58__C00022" compartment="default" hasOnlySubstanceUnits="false" boundaryCondition="false" constant="false"/>
      <species id="M_cpd__58__C02051" compartment="default" hasOnlySubstanceUnits="false" boundaryCondition="false" constant="false"/>
      <species id="M_cpd__58__C01242" compartment="default" hasOnlySubstanceUnits="false" boundaryCondition="false" constant="false"/>
      <species id="M_cpd__58__C00011" compartment="default" hasOnlySubstanceUnits="false" boundaryCondition="false" constant="false"/>
      <species id="M_cpd__58__C00430" compartment="default" hasOnlySubstanceUnits="false" boundaryCondition="false" constant="false"/>
      <species id="M_cpd__58__C01888" compartment="default" hasOnlySubstanceUnits="false" boundaryCondition="false" constant="false"/>
      <species id="M_cpd__58__C00546" compartment="default" hasOnlySubstanceUnits="false" boundaryCondition="false" constant="false"/>
      <species id="M_cpd__58__C00258" compartment="default" hasOnlySubstanceUnits="false" boundaryCondition="false" constant="false"/>
      <species id="M_cpd__58__C00101" compartment="default" hasOnlySubstanceUnits="false" boundaryCondition="false" constant="false"/>
      <species id="M_cpd__58__C00014" compartment="default" hasOnlySubstanceUnits="false" boundaryCondition="false" constant="false"/>
      <species id="M_cpd__58__C02972" compartment="default" hasOnlySubstanceUnits="false" boundaryCondition="false" constant="false"/>
      <species id="M_cpd__58__C00631" compartment="default" hasOnlySubstanceUnits="false" boundaryCondition="false" constant="false"/>
    </listOfSpecies>
    <listOfParameters>
      <parameter sboTerm="SBO:0000626" id="cobra_default_lb" value="-1000" constant="true"/>
      <parameter sboTerm="SBO:0000626" id="cobra_default_ub" value="1000" constant="true"/>
      <parameter sboTerm="SBO:0000626" id="cobra_0_bound" value="0" constant="true"/>
      <parameter sboTerm="SBO:0000625" id="minus_inf" value="-INF" constant="true"/>
      <parameter sboTerm="SBO:0000625" id="plus_inf" value="INF" constant="true"/>
    </listOfParameters>
    <listOfReactions>
      <reaction id="R_R00589" name="rn:R00589" reversible="true" fast="false" fbc:lowerFluxBound="cobra_default_lb" fbc:upperFluxBound="cobra_default_ub">
        <listOfReactants>
          <speciesReference species="M_cpd__58__C00065" stoichiometry="1" constant="true"/>
        </listOfReactants>
        <listOfProducts>
          <speciesReference species="M_cpd__58__C00740" stoichiometry="1" constant="true"/>
        </listOfProducts>
      </reaction>
      <reaction id="R_R01025" name="rn:R01025" reversible="false" fast="false" fbc:lowerFluxBound="cobra_0_bound" fbc:upperFluxBound="cobra_default_ub">
        <listOfReactants>
          <speciesReference species="M_cpd__58__C00114" stoichiometry="1" constant="true"/>
        </listOfReactants>
        <listOfProducts>
          <speciesReference species="M_cpd__58__C00576" stoichiometry="1" constant="true"/>
        </listOfProducts>
      </reaction>
      <reaction id="R_R02565rn__58__R02566" name="rn:R02565 rn:R02566" reversible="false" fast="false" fbc:lowerFluxBound="cobra_0_bound" fbc:upperFluxBound="cobra_default_ub">
        <listOfReactants>
          <speciesReference species="M_cpd__58__C00576" stoichiometry="1" constant="true"/>
        </listOfReactants>
        <listOfProducts>
          <speciesReference species="M_cpd__58__C00719" stoichiometry="1" constant="true"/>
        </listOfProducts>
      </reaction>
      <reaction id="R_R02821" name="rn:R02821" reversible="false" fast="false" fbc:lowerFluxBound="cobra_0_bound" fbc:upperFluxBound="cobra_default_ub">
        <listOfReactants>
          <speciesReference species="M_cpd__58__C00719" stoichiometry="1" constant="true"/>
        </listOfReactants>
        <listOfProducts>
          <speciesReference species="M_cpd__58__C01026" stoichiometry="1" constant="true"/>
        </listOfProducts>
      </reaction>
      <reaction id="R_R00588" name="rn:R00588" reversible="true" fast="false" fbc:lowerFluxBound="cobra_default_lb" fbc:upperFluxBound="cobra_default_ub">
        <listOfReactants>
          <speciesReference species="M_cpd__58__C00065" stoichiometry="1" constant="true"/>
        </listOfReactants>
        <listOfProducts>
          <speciesReference species="M_cpd__58__C00037" stoichiometry="1" constant="true"/>
        </listOfProducts>
      </reaction>
      <reaction id="R_R00585" name="rn:R00585" reversible="true" fast="false" fbc:lowerFluxBound="cobra_default_lb" fbc:upperFluxBound="cobra_default_ub">
        <listOfReactants>
          <speciesReference species="M_cpd__58__C00065" stoichiometry="1" constant="true"/>
        </listOfReactants>
        <listOfProducts>
          <speciesReference species="M_cpd__58__C00168" stoichiometry="1" constant="true"/>
        </listOfProducts>
      </reaction>
      <reaction id="R_R01883" name="rn:R01883" reversible="false" fast="false" fbc:lowerFluxBound="cobra_0_bound" fbc:upperFluxBound="cobra_default_ub">
        <listOfReactants>
          <speciesReference species="M_cpd__58__C00581" stoichiometry="1" constant="true"/>
        </listOfReactants>
        <listOfProducts>
          <speciesReference species="M_cpd__58__C00300" stoichiometry="1" constant="true"/>
        </listOfProducts>
      </reaction>
      <reaction id="R_R01513" name="rn:R01513" reversible="true" fast="false" fbc:lowerFluxBound="cobra_default_lb" fbc:upperFluxBound="cobra_default_ub">
        <listOfReactants>
          <speciesReference species="M_cpd__58__C00197" stoichiometry="1" constant="true"/>
        </listOfReactants>
        <listOfProducts>
          <speciesReference species="M_cpd__58__C03232" stoichiometry="1" constant="true"/>
        </listOfProducts>
      </reaction>
      <reaction id="R_R01565" name="rn:R01565" reversible="false" fast="false" fbc:lowerFluxBound="cobra_0_bound" fbc:upperFluxBound="cobra_default_ub">
        <listOfReactants>
          <speciesReference species="M_cpd__58__C01026" stoichiometry="1" constant="true"/>
        </listOfReactants>
        <listOfProducts>
          <speciesReference species="M_cpd__58__C00213" stoichiometry="1" constant="true"/>
        </listOfProducts>
      </reaction>
      <reaction id="R_R01290" name="rn:R01290" reversible="false" fast="false" fbc:lowerFluxBound="cobra_0_bound" fbc:upperFluxBound="cobra_default_ub">
        <listOfReactants>
          <speciesReference species="M_cpd__58__C00065" stoichiometry="1" constant="true"/>
        </listOfReactants>
        <listOfProducts>
          <speciesReference species="M_cpd__58__C02291" stoichiometry="1" constant="true"/>
        </listOfProducts>
      </reaction>
      <reaction id="R_R01001" name="rn:R01001" reversible="true" fast="false" fbc:lowerFluxBound="cobra_default_lb" fbc:upperFluxBound="cobra_default_ub">
        <listOfReactants>
          <speciesReference species="M_cpd__58__C02291" stoichiometry="1" constant="true"/>
        </listOfReactants>
        <listOfProducts>
          <speciesReference species="M_cpd__58__C00097" stoichiometry="1" constant="true"/>
        </listOfProducts>
      </reaction>
      <reaction id="R_R00565" name="rn:R00565" reversible="false" fast="false" fbc:lowerFluxBound="cobra_0_bound" fbc:upperFluxBound="cobra_default_ub">
        <listOfReactants>
          <speciesReference species="M_cpd__58__C00037" stoichiometry="1" constant="true"/>
        </listOfReactants>
        <listOfProducts>
          <speciesReference species="M_cpd__58__C00581" stoichiometry="1" constant="true"/>
        </listOfProducts>
      </reaction>
      <reaction id="R_R04173" name="rn:R04173" reversible="true" fast="false" fbc:lowerFluxBound="cobra_default_lb" fbc:upperFluxBound="cobra_default_ub">
        <listOfReactants>
          <speciesReference species="M_cpd__58__C01005" stoichiometry="1" constant="true"/>
        </listOfReactants>
        <listOfProducts>
          <speciesReference species="M_cpd__58__C03232" stoichiometry="1" constant="true"/>
        </listOfProducts>
      </reaction>
      <reaction id="R_R00610" name="rn:R00610" reversible="false" fast="false" fbc:lowerFluxBound="cobra_0_bound" fbc:upperFluxBound="cobra_default_ub">
        <listOfReactants>
          <speciesReference species="M_cpd__58__C00213" stoichiometry="1" constant="true"/>
        </listOfReactants>
        <listOfProducts>
          <speciesReference species="M_cpd__58__C00037" stoichiometry="1" constant="true"/>
        </listOfProducts>
      </reaction>
      <reaction id="R_R00611" name="rn:R00611" reversible="false" fast="false" fbc:lowerFluxBound="cobra_0_bound" fbc:upperFluxBound="cobra_default_ub">
        <listOfReactants>
          <speciesReference species="M_cpd__58__C00213" stoichiometry="1" constant="true"/>
        </listOfReactants>
        <listOfProducts>
          <speciesReference species="M_cpd__58__C00037" stoichiometry="1" constant="true"/>
        </listOfProducts>
      </reaction>
      <reaction id="R_R00582" name="rn:R00582" reversible="false" fast="false" fbc:lowerFluxBound="cobra_0_bound" fbc:upperFluxBound="cobra_default_ub">
        <listOfReactants>
          <speciesReference species="M_cpd__58__C01005" stoichiometry="1" constant="true"/>
        </listOfReactants>
        <listOfProducts>
          <speciesReference species="M_cpd__58__C00065" stoichiometry="1" constant="true"/>
        </listOfProducts>
      </reaction>
      <reaction id="R_R00945" name="rn:R00945" reversible="true" fast="false" fbc:lowerFluxBound="cobra_default_lb" fbc:upperFluxBound="cobra_default_ub">
        <listOfReactants>
          <speciesReference species="M_cpd__58__C00143" stoichiometry="1" constant="true"/>
          <speciesReference species="M_cpd__58__C00037" stoichiometry="1" constant="true"/>
        </listOfReactants>
        <listOfProducts>
          <speciesReference species="M_cpd__58__C00065" stoichiometry="1" constant="true"/>
        </listOfProducts>
      </reaction>
      <reaction id="R_R00996" name="rn:R00996" reversible="false" fast="false" fbc:lowerFluxBound="cobra_0_bound" fbc:upperFluxBound="cobra_default_ub">
        <listOfReactants>
          <speciesReference species="M_cpd__58__C00188" stoichiometry="1" constant="true"/>
        </listOfReactants>
        <listOfProducts>
          <speciesReference species="M_cpd__58__C00109" stoichiometry="1" constant="true"/>
        </listOfProducts>
      </reaction>
      <reaction id="R_R00366" name="rn:R00366" reversible="false" fast="false" fbc:lowerFluxBound="cobra_0_bound" fbc:upperFluxBound="cobra_default_ub">
        <listOfReactants>
          <speciesReference species="M_cpd__58__C00037" stoichiometry="1" constant="true"/>
        </listOfReactants>
        <listOfProducts>
          <speciesReference species="M_cpd__58__C00048" stoichiometry="1" constant="true"/>
        </listOfProducts>
      </reaction>
      <reaction id="R_R00371" name="rn:R00371" reversible="true" fast="false" fbc:lowerFluxBound="cobra_default_lb" fbc:upperFluxBound="cobra_default_ub">
        <listOfReactants>
          <speciesReference species="M_cpd__58__C00037" stoichiometry="1" constant="true"/>
        </listOfReactants>
        <listOfProducts>
          <speciesReference species="M_cpd__58__C03508" stoichiometry="1" constant="true"/>
        </listOfProducts>
      </reaction>
      <reaction id="R_R00220" name="rn:R00220" reversible="false" fast="false" fbc:lowerFluxBound="cobra_0_bound" fbc:upperFluxBound="cobra_default_ub">
        <listOfReactants>
          <speciesReference species="M_cpd__58__C00065" stoichiometry="1" constant="true"/>
        </listOfReactants>
        <listOfProducts>
          <speciesReference species="M_cpd__58__C00022" stoichiometry="1" constant="true"/>
        </listOfProducts>
      </reaction>
      <reaction id="R_R03425" name="rn:R03425" reversible="false" fast="false" fbc:lowerFluxBound="cobra_0_bound" fbc:upperFluxBound="cobra_default_ub">
        <listOfReactants>
          <speciesReference species="M_cpd__58__C00037" stoichiometry="1" constant="true"/>
          <speciesReference species="M_cpd__58__C02051" stoichiometry="1" constant="true"/>
        </listOfReactants>
        <listOfProducts>
          <speciesReference species="M_cpd__58__C01242" stoichiometry="1" constant="true"/>
          <speciesReference species="M_cpd__58__C00011" stoichiometry="1" constant="true"/>
        </listOfProducts>
      </reaction>
      <reaction id="R_R00830" name="rn:R00830" reversible="false" fast="false" fbc:lowerFluxBound="cobra_0_bound" fbc:upperFluxBound="cobra_default_ub">
        <listOfReactants>
          <speciesReference species="M_cpd__58__C00037" stoichiometry="1" constant="true"/>
        </listOfReactants>
        <listOfProducts>
          <speciesReference species="M_cpd__58__C00430" stoichiometry="1" constant="true"/>
        </listOfProducts>
      </reaction>
      <reaction id="R_R02529" name="rn:R02529" reversible="false" fast="false" fbc:lowerFluxBound="cobra_0_bound" fbc:upperFluxBound="cobra_default_ub">
        <listOfReactants>
          <speciesReference species="M_cpd__58__C01888" stoichiometry="1" constant="true"/>
        </listOfReactants>
        <listOfProducts>
          <speciesReference species="M_cpd__58__C00546" stoichiometry="1" constant="true"/>
        </listOfProducts>
      </reaction>
      <reaction id="R_R01388rn__58__R01392" name="rn:R01388 rn:R01392" reversible="true" fast="false" fbc:lowerFluxBound="cobra_default_lb" fbc:upperFluxBound="cobra_default_ub">
        <listOfReactants>
          <speciesReference species="M_cpd__58__C00258" stoichiometry="1" constant="true"/>
        </listOfReactants>
        <listOfProducts>
          <speciesReference species="M_cpd__58__C00168" stoichiometry="1" constant="true"/>
        </listOfProducts>
      </reaction>
      <reaction id="R_R04125" name="rn:R04125" reversible="false" fast="false" fbc:lowerFluxBound="cobra_0_bound" fbc:upperFluxBound="cobra_default_ub">
        <listOfReactants>
          <speciesReference species="M_cpd__58__C01242" stoichiometry="1" constant="true"/>
          <speciesReference species="M_cpd__58__C00101" stoichiometry="1" constant="true"/>
        </listOfReactants>
        <listOfProducts>
          <speciesReference species="M_cpd__58__C00143" stoichiometry="1" constant="true"/>
          <speciesReference species="M_cpd__58__C00014" stoichiometry="1" constant="true"/>
          <speciesReference species="M_cpd__58__C02972" stoichiometry="1" constant="true"/>
        </listOfProducts>
      </reaction>
      <reaction id="R_R03815" name="rn:R03815" reversible="false" fast="false" fbc:lowerFluxBound="cobra_0_bound" fbc:upperFluxBound="cobra_default_ub">
        <listOfReactants>
          <speciesReference species="M_cpd__58__C02972" stoichiometry="1" constant="true"/>
        </listOfReactants>
        <listOfProducts>
          <speciesReference species="M_cpd__58__C02051" stoichiometry="1" constant="true"/>
        </listOfProducts>
      </reaction>
      <reaction id="R_R00367" name="rn:R00367" reversible="true" fast="false" fbc:lowerFluxBound="cobra_default_lb" fbc:upperFluxBound="cobra_default_ub">
        <listOfReactants>
          <speciesReference species="M_cpd__58__C00037" stoichiometry="1" constant="true"/>
        </listOfReactants>
        <listOfProducts>
          <speciesReference species="M_cpd__58__C00213" stoichiometry="1" constant="true"/>
        </listOfProducts>
      </reaction>
      <reaction id="R_R00891" name="rn:R00891" reversible="false" fast="false" fbc:lowerFluxBound="cobra_0_bound" fbc:upperFluxBound="cobra_default_ub">
        <listOfReactants>
          <speciesReference species="M_cpd__58__C00065" stoichiometry="1" constant="true"/>
        </listOfReactants>
        <listOfProducts>
          <speciesReference species="M_cpd__58__C00097" stoichiometry="1" constant="true"/>
        </listOfProducts>
      </reaction>
      <reaction id="R_R00372" name="rn:R00372" reversible="true" fast="false" fbc:lowerFluxBound="cobra_default_lb" fbc:upperFluxBound="cobra_default_ub">
        <listOfReactants>
          <speciesReference species="M_cpd__58__C00037" stoichiometry="1" constant="true"/>
        </listOfReactants>
        <listOfProducts>
          <speciesReference species="M_cpd__58__C00048" stoichiometry="1" constant="true"/>
        </listOfProducts>
      </reaction>
      <reaction id="R_R08572" name="rn:R08572" reversible="false" fast="false" fbc:lowerFluxBound="cobra_0_bound" fbc:upperFluxBound="cobra_default_ub">
        <listOfReactants>
          <speciesReference species="M_cpd__58__C00258" stoichiometry="1" constant="true"/>
        </listOfReactants>
        <listOfProducts>
          <speciesReference species="M_cpd__58__C00631" stoichiometry="1" constant="true"/>
        </listOfProducts>
      </reaction>
      <reaction id="R_R01518" name="rn:R01518" reversible="false" fast="false" fbc:lowerFluxBound="cobra_0_bound" fbc:upperFluxBound="cobra_default_ub">
        <listOfReactants>
          <speciesReference species="M_cpd__58__C00631" stoichiometry="1" constant="true"/>
        </listOfReactants>
        <listOfProducts>
          <speciesReference species="M_cpd__58__C00197" stoichiometry="1" constant="true"/>
        </listOfProducts>
      </reaction>
      <reaction id="R_R_EX_1" name="cpd:C00258" reversible="true" fast="false" fbc:lowerFluxBound="cobra_default_lb" fbc:upperFluxBound="cobra_default_ub">
        <listOfReactants>
          <speciesReference species="M_cpd__58__C00258" stoichiometry="1" constant="true"/>
        </listOfReactants>
      </reaction>
      <reaction id="R_R_EX_2" name="cpd:C00114" reversible="true" fast="false" fbc:lowerFluxBound="cobra_default_lb" fbc:upperFluxBound="cobra_default_ub">
        <listOfReactants>
          <speciesReference species="M_cpd__58__C00114" stoichiometry="1" constant="true"/>
        </listOfReactants>
      </reaction>
      <reaction id="R_R_EX_3" name="cpd:C01005" reversible="true" fast="false" fbc:lowerFluxBound="cobra_default_lb" fbc:upperFluxBound="cobra_default_ub">
        <listOfReactants>
          <speciesReference species="M_cpd__58__C01005" stoichiometry="1" constant="true"/>
        </listOfReactants>
      </reaction>
      <reaction id="R_R_EX_4" name="cpd:C00188" reversible="true" fast="false" fbc:lowerFluxBound="cobra_default_lb" fbc:upperFluxBound="cobra_default_ub">
        <listOfReactants>
          <speciesReference species="M_cpd__58__C00188" stoichiometry="1" constant="true"/>
        </listOfReactants>
      </reaction>
      <reaction id="R_R_EX_5" name="cpd:C01888" reversible="true" fast="false" fbc:lowerFluxBound="cobra_default_lb" fbc:upperFluxBound="cobra_default_ub">
        <listOfReactants>
          <speciesReference species="M_cpd__58__C01888" stoichiometry="1" constant="true"/>
        </listOfReactants>
      </reaction>
      <reaction id="R_R_EX_6" name="cpd:C00101" reversible="true" fast="false" fbc:lowerFluxBound="cobra_default_lb" fbc:upperFluxBound="cobra_default_ub">
        <listOfReactants>
          <speciesReference species="M_cpd__58__C00101" stoichiometry="1" constant="true"/>
        </listOfReactants>
      </reaction>
      <reaction id="R_R_EX_7" name="cpd:C03508" reversible="true" fast="false" fbc:lowerFluxBound="cobra_default_lb" fbc:upperFluxBound="cobra_default_ub">
        <listOfReactants>
          <speciesReference species="M_cpd__58__C03508" stoichiometry="1" constant="true"/>
        </listOfReactants>
      </reaction>
      <reaction id="R_R_EX_8" name="cpd:C03232" reversible="true" fast="false" fbc:lowerFluxBound="cobra_default_lb" fbc:upperFluxBound="cobra_default_ub">
        <listOfReactants>
          <speciesReference species="M_cpd__58__C03232" stoichiometry="1" constant="true"/>
        </listOfReactants>
      </reaction>
      <reaction id="R_R_EX_9" name="cpd:C00546" reversible="true" fast="false" fbc:lowerFluxBound="cobra_default_lb" fbc:upperFluxBound="cobra_default_ub">
        <listOfReactants>
          <speciesReference species="M_cpd__58__C00546" stoichiometry="1" constant="true"/>
        </listOfReactants>
      </reaction>
      <reaction id="R_R_EX_10" name="cpd:C00014" reversible="true" fast="false" fbc:lowerFluxBound="cobra_default_lb" fbc:upperFluxBound="cobra_default_ub">
        <listOfReactants>
          <speciesReference species="M_cpd__58__C00014" stoichiometry="1" constant="true"/>
        </listOfReactants>
      </reaction>
      <reaction id="R_R_EX_11" name="cpd:C00168" reversible="true" fast="false" fbc:lowerFluxBound="cobra_default_lb" fbc:upperFluxBound="cobra_default_ub">
        <listOfReactants>
          <speciesReference species="M_cpd__58__C00168" stoichiometry="1" constant="true"/>
        </listOfReactants>
      </reaction>
      <reaction id="R_R_EX_12" name="cpd:C00300" reversible="true" fast="false" fbc:lowerFluxBound="cobra_default_lb" fbc:upperFluxBound="cobra_default_ub">
        <listOfReactants>
          <speciesReference species="M_cpd__58__C00300" stoichiometry="1" constant="true"/>
        </listOfReactants>
      </reaction>
      <reaction id="R_R_EX_13" name="cpd:C00011" reversible="true" fast="false" fbc:lowerFluxBound="cobra_default_lb" fbc:upperFluxBound="cobra_default_ub">
        <listOfReactants>
          <speciesReference species="M_cpd__58__C00011" stoichiometry="1" constant="true"/>
        </listOfReactants>
      </reaction>
      <reaction id="R_R_EX_14" name="cpd:C00430" reversible="true" fast="false" fbc:lowerFluxBound="cobra_default_lb" fbc:upperFluxBound="cobra_default_ub">
        <listOfReactants>
          <speciesReference species="M_cpd__58__C00430" stoichiometry="1" constant="true"/>
        </listOfReactants>
      </reaction>
      <reaction id="R_R_EX_15" name="cpd:C00048" reversible="true" fast="false" fbc:lowerFluxBound="cobra_default_lb" fbc:upperFluxBound="cobra_default_ub">
        <listOfReactants>
          <speciesReference species="M_cpd__58__C00048" stoichiometry="1" constant="true"/>
        </listOfReactants>
      </reaction>
      <reaction id="R_R_EX_16" name="cpd:C00109" reversible="true" fast="false" fbc:lowerFluxBound="cobra_default_lb" fbc:upperFluxBound="cobra_default_ub">
        <listOfReactants>
          <speciesReference species="M_cpd__58__C00109" stoichiometry="1" constant="true"/>
        </listOfReactants>
      </reaction>
      <reaction id="R_R_EX_17" name="cpd:C00022" reversible="true" fast="false" fbc:lowerFluxBound="cobra_default_lb" fbc:upperFluxBound="cobra_default_ub">
        <listOfReactants>
          <speciesReference species="M_cpd__58__C00022" stoichiometry="1" constant="true"/>
        </listOfReactants>
      </reaction>
      <reaction id="R_R_EX_18" name="cpd:C00097" reversible="true" fast="false" fbc:lowerFluxBound="cobra_default_lb" fbc:upperFluxBound="cobra_default_ub">
        <listOfReactants>
          <speciesReference species="M_cpd__58__C00097" stoichiometry="1" constant="true"/>
        </listOfReactants>
      </reaction>
      <reaction id="R_R_EX_19" name="cpd:C00740" reversible="true" fast="false" fbc:lowerFluxBound="cobra_default_lb" fbc:upperFluxBound="cobra_default_ub">
        <listOfReactants>
          <speciesReference species="M_cpd__58__C00740" stoichiometry="1" constant="true"/>
        </listOfReactants>
      </reaction>
    </listOfReactions>
    <fbc:listOfObjectives fbc:activeObjective="obj">
      <fbc:objective fbc:id="obj" fbc:type="maximize"/>
    </fbc:listOfObjectives>
  </model>
</sbml>
